date,delay,distance,origin,origin_city,destination,dest_city
3011319,-11,648,ATL,Atlanta,EWR,Newark
3071309,-11,648,ATL,Atlanta,EWR,Newark
1121249,-10,648,ATL,Atlanta,EWR,Newark
1191556,-10,648,ATL,Atlanta,EWR,Newark
1261249,-10,648,ATL,Atlanta,EWR,Newark
2090944,-10,648,ATL,Atlanta,EWR,Newark
3221548,-10,648,ATL,Atlanta,EWR,Newark
1201000,-9,648,ATL,Atlanta,EWR,Newark
1302014,-9,648,ATL,Atlanta,EWR,Newark
2011237,-9,648,ATL,Atlanta,EWR,Newark
2041554,-9,648,ATL,Atlanta,EWR,Newark
2221700,-9,648,ATL,Atlanta,EWR,Newark
3081548,-9,648,ATL,Atlanta,EWR,Newark
3111001,-9,648,ATL,Atlanta,EWR,Newark
3191001,-9,648,ATL,Atlanta,EWR,Newark
1191350,-8,648,ATL,Atlanta,EWR,Newark
1261510,-8,648,ATL,Atlanta,EWR,Newark
1130952,-8,648,ATL,Atlanta,EWR,Newark
1140643,-8,648,ATL,Atlanta,EWR,Newark
1200952,-8,648,ATL,Atlanta,EWR,Newark
1210952,-8,648,ATL,Atlanta,EWR,Newark
1260932,-8,648,ATL,Atlanta,EWR,Newark
2221235,-8,648,ATL,Atlanta,EWR,Newark
2091249,-8,648,ATL,Atlanta,EWR,Newark
2111259,-8,648,ATL,Atlanta,EWR,Newark
3261500,-8,648,ATL,Atlanta,EWR,Newark
3111548,-8,648,ATL,Atlanta,EWR,Newark
3121309,-8,648,ATL,Atlanta,EWR,Newark
3211001,-8,648,ATL,Atlanta,EWR,Newark
3291259,-8,648,ATL,Atlanta,EWR,Newark
1080730,-7,648,ATL,Atlanta,EWR,Newark
1151645,-7,648,ATL,Atlanta,EWR,Newark
1251919,-7,648,ATL,Atlanta,EWR,Newark
1110643,-7,648,ATL,Atlanta,EWR,Newark
1121556,-7,648,ATL,Atlanta,EWR,Newark
1240952,-7,648,ATL,Atlanta,EWR,Newark
1250643,-7,648,ATL,Atlanta,EWR,Newark
2081919,-7,648,ATL,Atlanta,EWR,Newark
2161115,-7,648,ATL,Atlanta,EWR,Newark
2251115,-7,648,ATL,Atlanta,EWR,Newark
2061309,-7,648,ATL,Atlanta,EWR,Newark
2201001,-7,648,ATL,Atlanta,EWR,Newark
2231747,-7,648,ATL,Atlanta,EWR,Newark
2251001,-7,648,ATL,Atlanta,EWR,Newark
2281309,-7,648,ATL,Atlanta,EWR,Newark
3091115,-7,648,ATL,Atlanta,EWR,Newark
3261236,-7,648,ATL,Atlanta,EWR,Newark
3271915,-7,648,ATL,Atlanta,EWR,Newark
3011700,-7,648,ATL,Atlanta,EWR,Newark
3050948,-7,648,ATL,Atlanta,EWR,Newark
3051939,-7,648,ATL,Atlanta,EWR,Newark
3091309,-7,648,ATL,Atlanta,EWR,Newark
3091548,-7,648,ATL,Atlanta,EWR,Newark
3121001,-7,648,ATL,Atlanta,EWR,Newark
3151259,-7,648,ATL,Atlanta,EWR,Newark
3161309,-7,648,ATL,Atlanta,EWR,Newark
3251001,-7,648,ATL,Atlanta,EWR,Newark
3271548,-7,648,ATL,Atlanta,EWR,Newark
3311309,-7,648,ATL,Atlanta,EWR,Newark
1262140,-6,648,ATL,Atlanta,EWR,Newark
1132014,-6,648,ATL,Atlanta,EWR,Newark
1130643,-6,648,ATL,Atlanta,EWR,Newark
1141259,-6,648,ATL,Atlanta,EWR,Newark
1201744,-6,648,ATL,Atlanta,EWR,Newark
1200643,-6,648,ATL,Atlanta,EWR,Newark
2161915,-6,648,ATL,Atlanta,EWR,Newark
2170848,-6,648,ATL,Atlanta,EWR,Newark
2231640,-6,648,ATL,Atlanta,EWR,Newark
2181939,-6,648,ATL,Atlanta,EWR,Newark
2250600,-6,648,ATL,Atlanta,EWR,Newark
2251309,-6,648,ATL,Atlanta,EWR,Newark
3041915,-6,648,ATL,Atlanta,EWR,Newark
3110848,-6,648,ATL,Atlanta,EWR,Newark
3181000,-6,648,ATL,Atlanta,EWR,Newark
3261115,-6,648,ATL,Atlanta,EWR,Newark
3101548,-6,648,ATL,Atlanta,EWR,Newark
3111309,-6,648,ATL,Atlanta,EWR,Newark
3181945,-6,648,ATL,Atlanta,EWR,Newark
3211309,-6,648,ATL,Atlanta,EWR,Newark
3250600,-6,648,ATL,Atlanta,EWR,Newark
1011230,-5,648,ATL,Atlanta,EWR,Newark
1091510,-5,648,ATL,Atlanta,EWR,Newark
1100730,-5,648,ATL,Atlanta,EWR,Newark
1141919,-5,648,ATL,Atlanta,EWR,Newark
1140730,-5,648,ATL,Atlanta,EWR,Newark
1141237,-5,648,ATL,Atlanta,EWR,Newark
1220848,-5,648,ATL,Atlanta,EWR,Newark
1231000,-5,648,ATL,Atlanta,EWR,Newark
1260848,-5,648,ATL,Atlanta,EWR,Newark
1280730,-5,648,ATL,Atlanta,EWR,Newark
1010904,-5,648,ATL,Atlanta,EWR,Newark
1100643,-5,648,ATL,Atlanta,EWR,Newark
1120932,-5,648,ATL,Atlanta,EWR,Newark
1141554,-5,648,ATL,Atlanta,EWR,Newark
1161309,-5,648,ATL,Atlanta,EWR,Newark
1191249,-5,648,ATL,Atlanta,EWR,Newark
1191731,-5,648,ATL,Atlanta,EWR,Newark
1280643,-5,648,ATL,Atlanta,EWR,Newark
2011645,-5,648,ATL,Atlanta,EWR,Newark
2061000,-5,648,ATL,Atlanta,EWR,Newark
2162140,-5,648,ATL,Atlanta,EWR,Newark
2171640,-5,648,ATL,Atlanta,EWR,Newark
2251005,-5,648,ATL,Atlanta,EWR,Newark
2262140,-5,648,ATL,Atlanta,EWR,Newark
2080643,-5,648,ATL,Atlanta,EWR,Newark
2111741,-5,648,ATL,Atlanta,EWR,Newark
2171001,-5,648,ATL,Atlanta,EWR,Newark
2281939,-5,648,ATL,Atlanta,EWR,Newark
3071000,-5,648,ATL,Atlanta,EWR,Newark
3111115,-5,648,ATL,Atlanta,EWR,Newark
3221115,-5,648,ATL,Atlanta,EWR,Newark
3221759,-5,648,ATL,Atlanta,EWR,Newark
3221236,-5,648,ATL,Atlanta,EWR,Newark
3251115,-5,648,ATL,Atlanta,EWR,Newark
3311115,-5,648,ATL,Atlanta,EWR,Newark
3071001,-5,648,ATL,Atlanta,EWR,Newark
3101945,-5,648,ATL,Atlanta,EWR,Newark
3181309,-5,648,ATL,Atlanta,EWR,Newark
3190600,-5,648,ATL,Atlanta,EWR,Newark
3271309,-5,648,ATL,Atlanta,EWR,Newark
1030730,-4,648,ATL,Atlanta,EWR,Newark
1070730,-4,648,ATL,Atlanta,EWR,Newark
1091350,-4,648,ATL,Atlanta,EWR,Newark
1141350,-4,648,ATL,Atlanta,EWR,Newark
1192140,-4,648,ATL,Atlanta,EWR,Newark
1241120,-4,648,ATL,Atlanta,EWR,Newark
1240848,-4,648,ATL,Atlanta,EWR,Newark
1270848,-4,648,ATL,Atlanta,EWR,Newark
1271000,-4,648,ATL,Atlanta,EWR,Newark
1142014,-4,648,ATL,Atlanta,EWR,Newark
1201309,-4,648,ATL,Atlanta,EWR,Newark
1230952,-4,648,ATL,Atlanta,EWR,Newark
2011510,-4,648,ATL,Atlanta,EWR,Newark
2030848,-4,648,ATL,Atlanta,EWR,Newark
2091237,-4,648,ATL,Atlanta,EWR,Newark
2101000,-4,648,ATL,Atlanta,EWR,Newark
2140848,-4,648,ATL,Atlanta,EWR,Newark
2171235,-4,648,ATL,Atlanta,EWR,Newark
2190730,-4,648,ATL,Atlanta,EWR,Newark
2211005,-4,648,ATL,Atlanta,EWR,Newark
2222140,-4,648,ATL,Atlanta,EWR,Newark
2241235,-4,648,ATL,Atlanta,EWR,Newark
2250730,-4,648,ATL,Atlanta,EWR,Newark
2040643,-4,648,ATL,Atlanta,EWR,Newark
2190948,-4,648,ATL,Atlanta,EWR,Newark
2271001,-4,648,ATL,Atlanta,EWR,Newark
2281608,-4,648,ATL,Atlanta,EWR,Newark
3011915,-4,648,ATL,Atlanta,EWR,Newark
3041345,-4,648,ATL,Atlanta,EWR,Newark
3052140,-4,648,ATL,Atlanta,EWR,Newark
3061115,-4,648,ATL,Atlanta,EWR,Newark
3072140,-4,648,ATL,Atlanta,EWR,Newark
3091000,-4,648,ATL,Atlanta,EWR,Newark
3101500,-4,648,ATL,Atlanta,EWR,Newark
3131115,-4,648,ATL,Atlanta,EWR,Newark
3150848,-4,648,ATL,Atlanta,EWR,Newark
3151345,-4,648,ATL,Atlanta,EWR,Newark
3222140,-4,648,ATL,Atlanta,EWR,Newark
3241115,-4,648,ATL,Atlanta,EWR,Newark
3240848,-4,648,ATL,Atlanta,EWR,Newark
3241000,-4,648,ATL,Atlanta,EWR,Newark
3241345,-4,648,ATL,Atlanta,EWR,Newark
3242140,-4,648,ATL,Atlanta,EWR,Newark
3251000,-4,648,ATL,Atlanta,EWR,Newark
3251236,-4,648,ATL,Atlanta,EWR,Newark
3271625,-4,648,ATL,Atlanta,EWR,Newark
3021254,-4,648,ATL,Atlanta,EWR,Newark
3051608,-4,648,ATL,Atlanta,EWR,Newark
3211945,-4,648,ATL,Atlanta,EWR,Newark
3261001,-4,648,ATL,Atlanta,EWR,Newark
3261309,-4,648,ATL,Atlanta,EWR,Newark
3261945,-4,648,ATL,Atlanta,EWR,Newark
3270600,-4,648,ATL,Atlanta,EWR,Newark
3271945,-4,648,ATL,Atlanta,EWR,Newark
3291742,-4,648,ATL,Atlanta,EWR,Newark
3311744,-4,648,ATL,Atlanta,EWR,Newark
1051010,-3,648,ATL,Atlanta,EWR,Newark
1091120,-3,648,ATL,Atlanta,EWR,Newark
1101702,-3,648,ATL,Atlanta,EWR,Newark
1161237,-3,648,ATL,Atlanta,EWR,Newark
1181237,-3,648,ATL,Atlanta,EWR,Newark
1191000,-3,648,ATL,Atlanta,EWR,Newark
1201120,-3,648,ATL,Atlanta,EWR,Newark
1240730,-3,648,ATL,Atlanta,EWR,Newark
1271645,-3,648,ATL,Atlanta,EWR,Newark
1102014,-3,648,ATL,Atlanta,EWR,Newark
1301309,-3,648,ATL,Atlanta,EWR,Newark
1310952,-3,648,ATL,Atlanta,EWR,Newark
2031919,-3,648,ATL,Atlanta,EWR,Newark
2061237,-3,648,ATL,Atlanta,EWR,Newark
2072140,-3,648,ATL,Atlanta,EWR,Newark
2100848,-3,648,ATL,Atlanta,EWR,Newark
2110730,-3,648,ATL,Atlanta,EWR,Newark
2111120,-3,648,ATL,Atlanta,EWR,Newark
2141500,-3,648,ATL,Atlanta,EWR,Newark
2161345,-3,648,ATL,Atlanta,EWR,Newark
2171005,-3,648,ATL,Atlanta,EWR,Newark
2172140,-3,648,ATL,Atlanta,EWR,Newark
2191115,-3,648,ATL,Atlanta,EWR,Newark
2201005,-3,648,ATL,Atlanta,EWR,Newark
2201640,-3,648,ATL,Atlanta,EWR,Newark
2231915,-3,648,ATL,Atlanta,EWR,Newark
2251235,-3,648,ATL,Atlanta,EWR,Newark
2251640,-3,648,ATL,Atlanta,EWR,Newark
2261235,-3,648,ATL,Atlanta,EWR,Newark
2260730,-3,648,ATL,Atlanta,EWR,Newark
2070643,-3,648,ATL,Atlanta,EWR,Newark
2081319,-3,648,ATL,Atlanta,EWR,Newark
2231254,-3,648,ATL,Atlanta,EWR,Newark
2281001,-3,648,ATL,Atlanta,EWR,Newark
2280600,-3,648,ATL,Atlanta,EWR,Newark
2181747,-3,648,ATL,Atlanta,EWR,Newark
3042140,-3,648,ATL,Atlanta,EWR,Newark
3050742,-3,648,ATL,Atlanta,EWR,Newark
3051115,-3,648,ATL,Atlanta,EWR,Newark
3071625,-3,648,ATL,Atlanta,EWR,Newark
3091236,-3,648,ATL,Atlanta,EWR,Newark
3111915,-3,648,ATL,Atlanta,EWR,Newark
3111000,-3,648,ATL,Atlanta,EWR,Newark
3111236,-3,648,ATL,Atlanta,EWR,Newark
3110742,-3,648,ATL,Atlanta,EWR,Newark
3112140,-3,648,ATL,Atlanta,EWR,Newark
3140848,-3,648,ATL,Atlanta,EWR,Newark
3142140,-3,648,ATL,Atlanta,EWR,Newark
3161115,-3,648,ATL,Atlanta,EWR,Newark
3231000,-3,648,ATL,Atlanta,EWR,Newark
3250848,-3,648,ATL,Atlanta,EWR,Newark
3251500,-3,648,ATL,Atlanta,EWR,Newark
3271115,-3,648,ATL,Atlanta,EWR,Newark
3271345,-3,648,ATL,Atlanta,EWR,Newark
3280742,-3,648,ATL,Atlanta,EWR,Newark
3291759,-3,648,ATL,Atlanta,EWR,Newark
3301000,-3,648,ATL,Atlanta,EWR,Newark
3050600,-3,648,ATL,Atlanta,EWR,Newark
3181001,-3,648,ATL,Atlanta,EWR,Newark
3191309,-3,648,ATL,Atlanta,EWR,Newark
3201001,-3,648,ATL,Atlanta,EWR,Newark
3200600,-3,648,ATL,Atlanta,EWR,Newark
3221259,-3,648,ATL,Atlanta,EWR,Newark
3231548,-3,648,ATL,Atlanta,EWR,Newark
3240600,-3,648,ATL,Atlanta,EWR,Newark
3251945,-3,648,ATL,Atlanta,EWR,Newark
3260600,-3,648,ATL,Atlanta,EWR,Newark
3271001,-3,648,ATL,Atlanta,EWR,Newark
3280600,-3,648,ATL,Atlanta,EWR,Newark
1010856,-2,648,ATL,Atlanta,EWR,Newark
1011630,-2,648,ATL,Atlanta,EWR,Newark
1090848,-2,648,ATL,Atlanta,EWR,Newark
1101000,-2,648,ATL,Atlanta,EWR,Newark
1111237,-2,648,ATL,Atlanta,EWR,Newark
1121919,-2,648,ATL,Atlanta,EWR,Newark
1131510,-2,648,ATL,Atlanta,EWR,Newark
1150730,-2,648,ATL,Atlanta,EWR,Newark
1151510,-2,648,ATL,Atlanta,EWR,Newark
1161350,-2,648,ATL,Atlanta,EWR,Newark
1171919,-2,648,ATL,Atlanta,EWR,Newark
1171350,-2,648,ATL,Atlanta,EWR,Newark
1180848,-2,648,ATL,Atlanta,EWR,Newark
1181510,-2,648,ATL,Atlanta,EWR,Newark
1191645,-2,648,ATL,Atlanta,EWR,Newark
1231350,-2,648,ATL,Atlanta,EWR,Newark
1231645,-2,648,ATL,Atlanta,EWR,Newark
1241510,-2,648,ATL,Atlanta,EWR,Newark
1251645,-2,648,ATL,Atlanta,EWR,Newark
1261645,-2,648,ATL,Atlanta,EWR,Newark
1271510,-2,648,ATL,Atlanta,EWR,Newark
1080643,-2,648,ATL,Atlanta,EWR,Newark
1160952,-2,648,ATL,Atlanta,EWR,Newark
1162014,-2,648,ATL,Atlanta,EWR,Newark
1170643,-2,648,ATL,Atlanta,EWR,Newark
1192014,-2,648,ATL,Atlanta,EWR,Newark
1312014,-2,648,ATL,Atlanta,EWR,Newark
2021120,-2,648,ATL,Atlanta,EWR,Newark
2022140,-2,648,ATL,Atlanta,EWR,Newark
2040730,-2,648,ATL,Atlanta,EWR,Newark
2060848,-2,648,ATL,Atlanta,EWR,Newark
2061510,-2,648,ATL,Atlanta,EWR,Newark
2080848,-2,648,ATL,Atlanta,EWR,Newark
2091510,-2,648,ATL,Atlanta,EWR,Newark
2141005,-2,648,ATL,Atlanta,EWR,Newark
2152140,-2,648,ATL,Atlanta,EWR,Newark
2151640,-2,648,ATL,Atlanta,EWR,Newark
2180848,-2,648,ATL,Atlanta,EWR,Newark
2190848,-2,648,ATL,Atlanta,EWR,Newark
2200730,-2,648,ATL,Atlanta,EWR,Newark
2221005,-2,648,ATL,Atlanta,EWR,Newark
2231115,-2,648,ATL,Atlanta,EWR,Newark
2241115,-2,648,ATL,Atlanta,EWR,Newark
2241345,-2,648,ATL,Atlanta,EWR,Newark
2240730,-2,648,ATL,Atlanta,EWR,Newark
2261115,-2,648,ATL,Atlanta,EWR,Newark
2261345,-2,648,ATL,Atlanta,EWR,Newark
2271115,-2,648,ATL,Atlanta,EWR,Newark
2270848,-2,648,ATL,Atlanta,EWR,Newark
2281640,-2,648,ATL,Atlanta,EWR,Newark
2010643,-2,648,ATL,Atlanta,EWR,Newark
2030952,-2,648,ATL,Atlanta,EWR,Newark
2030643,-2,648,ATL,Atlanta,EWR,Newark
2201608,-2,648,ATL,Atlanta,EWR,Newark
2231939,-2,648,ATL,Atlanta,EWR,Newark
2270600,-2,648,ATL,Atlanta,EWR,Newark
2201747,-2,648,ATL,Atlanta,EWR,Newark
2281747,-2,648,ATL,Atlanta,EWR,Newark
3011005,-2,648,ATL,Atlanta,EWR,Newark
3011235,-2,648,ATL,Atlanta,EWR,Newark
3021115,-2,648,ATL,Atlanta,EWR,Newark
3021500,-2,648,ATL,Atlanta,EWR,Newark
3041759,-2,648,ATL,Atlanta,EWR,Newark
3041500,-2,648,ATL,Atlanta,EWR,Newark
3051000,-2,648,ATL,Atlanta,EWR,Newark
3051625,-2,648,ATL,Atlanta,EWR,Newark
3080742,-2,648,ATL,Atlanta,EWR,Newark
3081115,-2,648,ATL,Atlanta,EWR,Newark
3081236,-2,648,ATL,Atlanta,EWR,Newark
3081345,-2,648,ATL,Atlanta,EWR,Newark
3101915,-2,648,ATL,Atlanta,EWR,Newark
3101115,-2,648,ATL,Atlanta,EWR,Newark
3100742,-2,648,ATL,Atlanta,EWR,Newark
3121915,-2,648,ATL,Atlanta,EWR,Newark
3120742,-2,648,ATL,Atlanta,EWR,Newark
3131759,-2,648,ATL,Atlanta,EWR,Newark
3131000,-2,648,ATL,Atlanta,EWR,Newark
3131236,-2,648,ATL,Atlanta,EWR,Newark
3131625,-2,648,ATL,Atlanta,EWR,Newark
3141236,-2,648,ATL,Atlanta,EWR,Newark
3141345,-2,648,ATL,Atlanta,EWR,Newark
3140742,-2,648,ATL,Atlanta,EWR,Newark
3151115,-2,648,ATL,Atlanta,EWR,Newark
3151759,-2,648,ATL,Atlanta,EWR,Newark
3181915,-2,648,ATL,Atlanta,EWR,Newark
3180742,-2,648,ATL,Atlanta,EWR,Newark
3200848,-2,648,ATL,Atlanta,EWR,Newark
3201000,-2,648,ATL,Atlanta,EWR,Newark
3211759,-2,648,ATL,Atlanta,EWR,Newark
3210848,-2,648,ATL,Atlanta,EWR,Newark
3211345,-2,648,ATL,Atlanta,EWR,Newark
3212140,-2,648,ATL,Atlanta,EWR,Newark
3221345,-2,648,ATL,Atlanta,EWR,Newark
3221625,-2,648,ATL,Atlanta,EWR,Newark
3230848,-2,648,ATL,Atlanta,EWR,Newark
3230742,-2,648,ATL,Atlanta,EWR,Newark
3241500,-2,648,ATL,Atlanta,EWR,Newark
3241625,-2,648,ATL,Atlanta,EWR,Newark
3261625,-2,648,ATL,Atlanta,EWR,Newark
3271236,-2,648,ATL,Atlanta,EWR,Newark
3282140,-2,648,ATL,Atlanta,EWR,Newark
3291345,-2,648,ATL,Atlanta,EWR,Newark
3291625,-2,648,ATL,Atlanta,EWR,Newark
3290742,-2,648,ATL,Atlanta,EWR,Newark
3311000,-2,648,ATL,Atlanta,EWR,Newark
3060600,-2,648,ATL,Atlanta,EWR,Newark
3141744,-2,648,ATL,Atlanta,EWR,Newark
1020730,-1,648,ATL,Atlanta,EWR,Newark
1021500,-1,648,ATL,Atlanta,EWR,Newark
1041920,-1,648,ATL,Atlanta,EWR,Newark
1041630,-1,648,ATL,Atlanta,EWR,Newark
1041120,-1,648,ATL,Atlanta,EWR,Newark
1051120,-1,648,ATL,Atlanta,EWR,Newark
1092140,-1,648,ATL,Atlanta,EWR,Newark
1121237,-1,648,ATL,Atlanta,EWR,Newark
1121645,-1,648,ATL,Atlanta,EWR,Newark
1130730,-1,648,ATL,Atlanta,EWR,Newark
1131645,-1,648,ATL,Atlanta,EWR,Newark
1160730,-1,648,ATL,Atlanta,EWR,Newark
1162140,-1,648,ATL,Atlanta,EWR,Newark
1171237,-1,648,ATL,Atlanta,EWR,Newark
1172140,-1,648,ATL,Atlanta,EWR,Newark
1210848,-1,648,ATL,Atlanta,EWR,Newark
1221919,-1,648,ATL,Atlanta,EWR,Newark
1220730,-1,648,ATL,Atlanta,EWR,Newark
1230848,-1,648,ATL,Atlanta,EWR,Newark
1241237,-1,648,ATL,Atlanta,EWR,Newark
1242140,-1,648,ATL,Atlanta,EWR,Newark
1261237,-1,648,ATL,Atlanta,EWR,Newark
1020710,-1,648,ATL,Atlanta,EWR,Newark
1071741,-1,648,ATL,Atlanta,EWR,Newark
1190932,-1,648,ATL,Atlanta,EWR,Newark
1240643,-1,648,ATL,Atlanta,EWR,Newark
1281741,-1,648,ATL,Atlanta,EWR,Newark
2020848,-1,648,ATL,Atlanta,EWR,Newark
2051237,-1,648,ATL,Atlanta,EWR,Newark
2061350,-1,648,ATL,Atlanta,EWR,Newark
2071919,-1,648,ATL,Atlanta,EWR,Newark
2071000,-1,648,ATL,Atlanta,EWR,Newark
2090848,-1,648,ATL,Atlanta,EWR,Newark
2101510,-1,648,ATL,Atlanta,EWR,Newark
2111510,-1,648,ATL,Atlanta,EWR,Newark
2161640,-1,648,ATL,Atlanta,EWR,Newark
2171115,-1,648,ATL,Atlanta,EWR,Newark
2180730,-1,648,ATL,Atlanta,EWR,Newark
2221640,-1,648,ATL,Atlanta,EWR,Newark
2241640,-1,648,ATL,Atlanta,EWR,Newark
2250848,-1,648,ATL,Atlanta,EWR,Newark
2251500,-1,648,ATL,Atlanta,EWR,Newark
2252140,-1,648,ATL,Atlanta,EWR,Newark
2261005,-1,648,ATL,Atlanta,EWR,Newark
2270730,-1,648,ATL,Atlanta,EWR,Newark
2281115,-1,648,ATL,Atlanta,EWR,Newark
2071309,-1,648,ATL,Atlanta,EWR,Newark
2161608,-1,648,ATL,Atlanta,EWR,Newark
2240600,-1,648,ATL,Atlanta,EWR,Newark
2251939,-1,648,ATL,Atlanta,EWR,Newark
2271309,-1,648,ATL,Atlanta,EWR,Newark
3020742,-1,648,ATL,Atlanta,EWR,Newark
3032140,-1,648,ATL,Atlanta,EWR,Newark
3050848,-1,648,ATL,Atlanta,EWR,Newark
3051345,-1,648,ATL,Atlanta,EWR,Newark
3060742,-1,648,ATL,Atlanta,EWR,Newark
3061236,-1,648,ATL,Atlanta,EWR,Newark
3061625,-1,648,ATL,Atlanta,EWR,Newark
3071915,-1,648,ATL,Atlanta,EWR,Newark
3071759,-1,648,ATL,Atlanta,EWR,Newark
3090848,-1,648,ATL,Atlanta,EWR,Newark
3091345,-1,648,ATL,Atlanta,EWR,Newark
3090742,-1,648,ATL,Atlanta,EWR,Newark
3101236,-1,648,ATL,Atlanta,EWR,Newark
3101345,-1,648,ATL,Atlanta,EWR,Newark
3111345,-1,648,ATL,Atlanta,EWR,Newark
3121115,-1,648,ATL,Atlanta,EWR,Newark
3121000,-1,648,ATL,Atlanta,EWR,Newark
3121500,-1,648,ATL,Atlanta,EWR,Newark
3121345,-1,648,ATL,Atlanta,EWR,Newark
3141500,-1,648,ATL,Atlanta,EWR,Newark
3141625,-1,648,ATL,Atlanta,EWR,Newark
3150742,-1,648,ATL,Atlanta,EWR,Newark
3152140,-1,648,ATL,Atlanta,EWR,Newark
3160742,-1,648,ATL,Atlanta,EWR,Newark
3181115,-1,648,ATL,Atlanta,EWR,Newark
3181236,-1,648,ATL,Atlanta,EWR,Newark
3191345,-1,648,ATL,Atlanta,EWR,Newark
3190742,-1,648,ATL,Atlanta,EWR,Newark
3201915,-1,648,ATL,Atlanta,EWR,Newark
3201115,-1,648,ATL,Atlanta,EWR,Newark
3201236,-1,648,ATL,Atlanta,EWR,Newark
3211115,-1,648,ATL,Atlanta,EWR,Newark
3211000,-1,648,ATL,Atlanta,EWR,Newark
3211236,-1,648,ATL,Atlanta,EWR,Newark
3211625,-1,648,ATL,Atlanta,EWR,Newark
3220848,-1,648,ATL,Atlanta,EWR,Newark
3220742,-1,648,ATL,Atlanta,EWR,Newark
3241236,-1,648,ATL,Atlanta,EWR,Newark
3240742,-1,648,ATL,Atlanta,EWR,Newark
3251759,-1,648,ATL,Atlanta,EWR,Newark
3250742,-1,648,ATL,Atlanta,EWR,Newark
3270742,-1,648,ATL,Atlanta,EWR,Newark
3272140,-1,648,ATL,Atlanta,EWR,Newark
3300742,-1,648,ATL,Atlanta,EWR,Newark
3311759,-1,648,ATL,Atlanta,EWR,Newark
3091747,-1,648,ATL,Atlanta,EWR,Newark
3101001,-1,648,ATL,Atlanta,EWR,Newark
3110600,-1,648,ATL,Atlanta,EWR,Newark
3120600,-1,648,ATL,Atlanta,EWR,Newark
3130600,-1,648,ATL,Atlanta,EWR,Newark
3140600,-1,648,ATL,Atlanta,EWR,Newark
3151548,-1,648,ATL,Atlanta,EWR,Newark
3201309,-1,648,ATL,Atlanta,EWR,Newark
3221742,-1,648,ATL,Atlanta,EWR,Newark
3111744,-1,648,ATL,Atlanta,EWR,Newark
1011120,0,648,ATL,Atlanta,EWR,Newark
1020856,0,648,ATL,Atlanta,EWR,Newark
1022140,0,648,ATL,Atlanta,EWR,Newark
1030856,0,648,ATL,Atlanta,EWR,Newark
1031010,0,648,ATL,Atlanta,EWR,Newark
1031120,0,648,ATL,Atlanta,EWR,Newark
1031345,0,648,ATL,Atlanta,EWR,Newark
1040730,0,648,ATL,Atlanta,EWR,Newark
1052140,0,648,ATL,Atlanta,EWR,Newark
1051230,0,648,ATL,Atlanta,EWR,Newark
1061919,0,648,ATL,Atlanta,EWR,Newark
1081237,0,648,ATL,Atlanta,EWR,Newark
1091237,0,648,ATL,Atlanta,EWR,Newark
1151000,0,648,ATL,Atlanta,EWR,Newark
1161510,0,648,ATL,Atlanta,EWR,Newark
1170730,0,648,ATL,Atlanta,EWR,Newark
1170848,0,648,ATL,Atlanta,EWR,Newark
1171645,0,648,ATL,Atlanta,EWR,Newark
1191510,0,648,ATL,Atlanta,EWR,Newark
1211919,0,648,ATL,Atlanta,EWR,Newark
1210730,0,648,ATL,Atlanta,EWR,Newark
1211120,0,648,ATL,Atlanta,EWR,Newark
1211510,0,648,ATL,Atlanta,EWR,Newark
1211645,0,648,ATL,Atlanta,EWR,Newark
1212140,0,648,ATL,Atlanta,EWR,Newark
1221000,0,648,ATL,Atlanta,EWR,Newark
1241000,0,648,ATL,Atlanta,EWR,Newark
1261120,0,648,ATL,Atlanta,EWR,Newark
1271919,0,648,ATL,Atlanta,EWR,Newark
1271120,0,648,ATL,Atlanta,EWR,Newark
1281919,0,648,ATL,Atlanta,EWR,Newark
1281120,0,648,ATL,Atlanta,EWR,Newark
1281510,0,648,ATL,Atlanta,EWR,Newark
1281237,0,648,ATL,Atlanta,EWR,Newark
1281350,0,648,ATL,Atlanta,EWR,Newark
1281645,0,648,ATL,Atlanta,EWR,Newark
1282140,0,648,ATL,Atlanta,EWR,Newark
1291919,0,648,ATL,Atlanta,EWR,Newark
1290730,0,648,ATL,Atlanta,EWR,Newark
1291120,0,648,ATL,Atlanta,EWR,Newark
1290848,0,648,ATL,Atlanta,EWR,Newark
1291510,0,648,ATL,Atlanta,EWR,Newark
1291237,0,648,ATL,Atlanta,EWR,Newark
1291350,0,648,ATL,Atlanta,EWR,Newark
1291645,0,648,ATL,Atlanta,EWR,Newark
1292140,0,648,ATL,Atlanta,EWR,Newark
1301919,0,648,ATL,Atlanta,EWR,Newark
1300848,0,648,ATL,Atlanta,EWR,Newark
1301000,0,648,ATL,Atlanta,EWR,Newark
1301350,0,648,ATL,Atlanta,EWR,Newark
1301645,0,648,ATL,Atlanta,EWR,Newark
1311120,0,648,ATL,Atlanta,EWR,Newark
1310848,0,648,ATL,Atlanta,EWR,Newark
1311510,0,648,ATL,Atlanta,EWR,Newark
1022009,0,648,ATL,Atlanta,EWR,Newark
1020904,0,648,ATL,Atlanta,EWR,Newark
1021251,0,648,ATL,Atlanta,EWR,Newark
1021524,0,648,ATL,Atlanta,EWR,Newark
1021800,0,648,ATL,Atlanta,EWR,Newark
1032009,0,648,ATL,Atlanta,EWR,Newark
1030904,0,648,ATL,Atlanta,EWR,Newark
1030530,0,648,ATL,Atlanta,EWR,Newark
1030647,0,648,ATL,Atlanta,EWR,Newark
1040645,0,648,ATL,Atlanta,EWR,Newark
1052009,0,648,ATL,Atlanta,EWR,Newark
1051242,0,648,ATL,Atlanta,EWR,Newark
1051800,0,648,ATL,Atlanta,EWR,Newark
1061251,0,648,ATL,Atlanta,EWR,Newark
1060530,0,648,ATL,Atlanta,EWR,Newark
1060710,0,648,ATL,Atlanta,EWR,Newark
1070952,0,648,ATL,Atlanta,EWR,Newark
1071259,0,648,ATL,Atlanta,EWR,Newark
1081741,0,648,ATL,Atlanta,EWR,Newark
1090643,0,648,ATL,Atlanta,EWR,Newark
1180643,0,648,ATL,Atlanta,EWR,Newark
1201554,0,648,ATL,Atlanta,EWR,Newark
1211741,0,648,ATL,Atlanta,EWR,Newark
1211554,0,648,ATL,Atlanta,EWR,Newark
1211259,0,648,ATL,Atlanta,EWR,Newark
1212014,0,648,ATL,Atlanta,EWR,Newark
1220945,0,648,ATL,Atlanta,EWR,Newark
1220643,0,648,ATL,Atlanta,EWR,Newark
1232014,0,648,ATL,Atlanta,EWR,Newark
1261556,0,648,ATL,Atlanta,EWR,Newark
1290945,0,648,ATL,Atlanta,EWR,Newark
1291554,0,648,ATL,Atlanta,EWR,Newark
1291741,0,648,ATL,Atlanta,EWR,Newark
1291259,0,648,ATL,Atlanta,EWR,Newark
1290643,0,648,ATL,Atlanta,EWR,Newark
1292009,0,648,ATL,Atlanta,EWR,Newark
1300643,0,648,ATL,Atlanta,EWR,Newark
2030730,0,648,ATL,Atlanta,EWR,Newark
2031510,0,648,ATL,Atlanta,EWR,Newark
2031237,0,648,ATL,Atlanta,EWR,Newark
2031350,0,648,ATL,Atlanta,EWR,Newark
2041919,0,648,ATL,Atlanta,EWR,Newark
2041645,0,648,ATL,Atlanta,EWR,Newark
2042140,0,648,ATL,Atlanta,EWR,Newark
2050730,0,648,ATL,Atlanta,EWR,Newark
2050848,0,648,ATL,Atlanta,EWR,Newark
2051510,0,648,ATL,Atlanta,EWR,Newark
2071120,0,648,ATL,Atlanta,EWR,Newark
2071510,0,648,ATL,Atlanta,EWR,Newark
2081510,0,648,ATL,Atlanta,EWR,Newark
2091350,0,648,ATL,Atlanta,EWR,Newark
2092140,0,648,ATL,Atlanta,EWR,Newark
2101120,0,648,ATL,Atlanta,EWR,Newark
2111919,0,648,ATL,Atlanta,EWR,Newark
2111645,0,648,ATL,Atlanta,EWR,Newark
2112140,0,648,ATL,Atlanta,EWR,Newark
2121919,0,648,ATL,Atlanta,EWR,Newark
2120730,0,648,ATL,Atlanta,EWR,Newark
2121120,0,648,ATL,Atlanta,EWR,Newark
2120848,0,648,ATL,Atlanta,EWR,Newark
2121000,0,648,ATL,Atlanta,EWR,Newark
2121510,0,648,ATL,Atlanta,EWR,Newark
2121237,0,648,ATL,Atlanta,EWR,Newark
2121350,0,648,ATL,Atlanta,EWR,Newark
2121645,0,648,ATL,Atlanta,EWR,Newark
2122140,0,648,ATL,Atlanta,EWR,Newark
2130730,0,648,ATL,Atlanta,EWR,Newark
2131120,0,648,ATL,Atlanta,EWR,Newark
2130848,0,648,ATL,Atlanta,EWR,Newark
2131000,0,648,ATL,Atlanta,EWR,Newark
2131510,0,648,ATL,Atlanta,EWR,Newark
2131237,0,648,ATL,Atlanta,EWR,Newark
2131350,0,648,ATL,Atlanta,EWR,Newark
2131645,0,648,ATL,Atlanta,EWR,Newark
2140730,0,648,ATL,Atlanta,EWR,Newark
2150848,0,648,ATL,Atlanta,EWR,Newark
2171500,0,648,ATL,Atlanta,EWR,Newark
2171345,0,648,ATL,Atlanta,EWR,Newark
2181915,0,648,ATL,Atlanta,EWR,Newark
2181005,0,648,ATL,Atlanta,EWR,Newark
2181500,0,648,ATL,Atlanta,EWR,Newark
2181235,0,648,ATL,Atlanta,EWR,Newark
2201115,0,648,ATL,Atlanta,EWR,Newark
2211235,0,648,ATL,Atlanta,EWR,Newark
2212140,0,648,ATL,Atlanta,EWR,Newark
2231500,0,648,ATL,Atlanta,EWR,Newark
2232140,0,648,ATL,Atlanta,EWR,Newark
2271005,0,648,ATL,Atlanta,EWR,Newark
2271640,0,648,ATL,Atlanta,EWR,Newark
2281005,0,648,ATL,Atlanta,EWR,Newark
2281235,0,648,ATL,Atlanta,EWR,Newark
2021731,0,648,ATL,Atlanta,EWR,Newark
2031309,0,648,ATL,Atlanta,EWR,Newark
2031554,0,648,ATL,Atlanta,EWR,Newark
2031744,0,648,ATL,Atlanta,EWR,Newark
2032014,0,648,ATL,Atlanta,EWR,Newark
2041741,0,648,ATL,Atlanta,EWR,Newark
2041259,0,648,ATL,Atlanta,EWR,Newark
2042014,0,648,ATL,Atlanta,EWR,Newark
2050945,0,648,ATL,Atlanta,EWR,Newark
2051554,0,648,ATL,Atlanta,EWR,Newark
2051741,0,648,ATL,Atlanta,EWR,Newark
2051259,0,648,ATL,Atlanta,EWR,Newark
2050643,0,648,ATL,Atlanta,EWR,Newark
2052009,0,648,ATL,Atlanta,EWR,Newark
2060643,0,648,ATL,Atlanta,EWR,Newark
2072014,0,648,ATL,Atlanta,EWR,Newark
2091556,0,648,ATL,Atlanta,EWR,Newark
2091731,0,648,ATL,Atlanta,EWR,Newark
2112009,0,648,ATL,Atlanta,EWR,Newark
2120945,0,648,ATL,Atlanta,EWR,Newark
2121554,0,648,ATL,Atlanta,EWR,Newark
2121741,0,648,ATL,Atlanta,EWR,Newark
2121259,0,648,ATL,Atlanta,EWR,Newark
2120643,0,648,ATL,Atlanta,EWR,Newark
2122009,0,648,ATL,Atlanta,EWR,Newark
2131001,0,648,ATL,Atlanta,EWR,Newark
2131309,0,648,ATL,Atlanta,EWR,Newark
2131608,0,648,ATL,Atlanta,EWR,Newark
2130600,0,648,ATL,Atlanta,EWR,Newark
2131939,0,648,ATL,Atlanta,EWR,Newark
2141001,0,648,ATL,Atlanta,EWR,Newark
2141309,0,648,ATL,Atlanta,EWR,Newark
2140600,0,648,ATL,Atlanta,EWR,Newark
2151319,0,648,ATL,Atlanta,EWR,Newark
2151700,0,648,ATL,Atlanta,EWR,Newark
2170600,0,648,ATL,Atlanta,EWR,Newark
2171939,0,648,ATL,Atlanta,EWR,Newark
2181001,0,648,ATL,Atlanta,EWR,Newark
2180600,0,648,ATL,Atlanta,EWR,Newark
2181309,0,648,ATL,Atlanta,EWR,Newark
2191939,0,648,ATL,Atlanta,EWR,Newark
2201939,0,648,ATL,Atlanta,EWR,Newark
2211001,0,648,ATL,Atlanta,EWR,Newark
2211939,0,648,ATL,Atlanta,EWR,Newark
2221319,0,648,ATL,Atlanta,EWR,Newark
2241001,0,648,ATL,Atlanta,EWR,Newark
2260600,0,648,ATL,Atlanta,EWR,Newark
2131747,0,648,ATL,Atlanta,EWR,Newark
2141747,0,648,ATL,Atlanta,EWR,Newark
3011640,0,648,ATL,Atlanta,EWR,Newark
3021759,0,648,ATL,Atlanta,EWR,Newark
3021236,0,648,ATL,Atlanta,EWR,Newark
3021629,0,648,ATL,Atlanta,EWR,Newark
3041236,0,648,ATL,Atlanta,EWR,Newark
3041625,0,648,ATL,Atlanta,EWR,Newark
3060848,0,648,ATL,Atlanta,EWR,Newark
3061000,0,648,ATL,Atlanta,EWR,Newark
3082140,0,648,ATL,Atlanta,EWR,Newark
3091915,0,648,ATL,Atlanta,EWR,Newark
3091629,0,648,ATL,Atlanta,EWR,Newark
3100848,0,648,ATL,Atlanta,EWR,Newark
3122140,0,648,ATL,Atlanta,EWR,Newark
3131915,0,648,ATL,Atlanta,EWR,Newark
3130848,0,648,ATL,Atlanta,EWR,Newark
3131345,0,648,ATL,Atlanta,EWR,Newark
3141915,0,648,ATL,Atlanta,EWR,Newark
3151236,0,648,ATL,Atlanta,EWR,Newark
3151625,0,648,ATL,Atlanta,EWR,Newark
3161000,0,648,ATL,Atlanta,EWR,Newark
3170742,0,648,ATL,Atlanta,EWR,Newark
3181759,0,648,ATL,Atlanta,EWR,Newark
3191915,0,648,ATL,Atlanta,EWR,Newark
3191236,0,648,ATL,Atlanta,EWR,Newark
3192140,0,648,ATL,Atlanta,EWR,Newark
3200742,0,648,ATL,Atlanta,EWR,Newark
3202140,0,648,ATL,Atlanta,EWR,Newark
3210742,0,648,ATL,Atlanta,EWR,Newark
3231115,0,648,ATL,Atlanta,EWR,Newark
3232140,0,648,ATL,Atlanta,EWR,Newark
3241759,0,648,ATL,Atlanta,EWR,Newark
3251345,0,648,ATL,Atlanta,EWR,Newark
3251625,0,648,ATL,Atlanta,EWR,Newark
3261915,0,648,ATL,Atlanta,EWR,Newark
3260742,0,648,ATL,Atlanta,EWR,Newark
3271759,0,648,ATL,Atlanta,EWR,Newark
3271000,0,648,ATL,Atlanta,EWR,Newark
3271500,0,648,ATL,Atlanta,EWR,Newark
3280848,0,648,ATL,Atlanta,EWR,Newark
3281000,0,648,ATL,Atlanta,EWR,Newark
3291115,0,648,ATL,Atlanta,EWR,Newark
3290848,0,648,ATL,Atlanta,EWR,Newark
3291236,0,648,ATL,Atlanta,EWR,Newark
3300848,0,648,ATL,Atlanta,EWR,Newark
3301236,0,648,ATL,Atlanta,EWR,Newark
3311345,0,648,ATL,Atlanta,EWR,Newark
3021608,0,648,ATL,Atlanta,EWR,Newark
3021747,0,648,ATL,Atlanta,EWR,Newark
3021939,0,648,ATL,Atlanta,EWR,Newark
3031309,0,648,ATL,Atlanta,EWR,Newark
3041608,0,648,ATL,Atlanta,EWR,Newark
3040600,0,648,ATL,Atlanta,EWR,Newark
3041939,0,648,ATL,Atlanta,EWR,Newark
3080600,0,648,ATL,Atlanta,EWR,Newark
3121945,0,648,ATL,Atlanta,EWR,Newark
3131548,0,648,ATL,Atlanta,EWR,Newark
3131001,0,648,ATL,Atlanta,EWR,Newark
3131945,0,648,ATL,Atlanta,EWR,Newark
3151742,0,648,ATL,Atlanta,EWR,Newark
3170600,0,648,ATL,Atlanta,EWR,Newark
3211548,0,648,ATL,Atlanta,EWR,Newark
3241001,0,648,ATL,Atlanta,EWR,Newark
3261548,0,648,ATL,Atlanta,EWR,Newark
3301946,0,648,ATL,Atlanta,EWR,Newark
3311548,0,648,ATL,Atlanta,EWR,Newark
3101744,0,648,ATL,Atlanta,EWR,Newark
1041010,1,648,ATL,Atlanta,EWR,Newark
1041230,1,648,ATL,Atlanta,EWR,Newark
1050730,1,648,ATL,Atlanta,EWR,Newark
1081649,1,648,ATL,Atlanta,EWR,Newark
1121510,1,648,ATL,Atlanta,EWR,Newark
1130848,1,648,ATL,Atlanta,EWR,Newark
1131237,1,648,ATL,Atlanta,EWR,Newark
1141510,1,648,ATL,Atlanta,EWR,Newark
1142140,1,648,ATL,Atlanta,EWR,Newark
1152140,1,648,ATL,Atlanta,EWR,Newark
1160848,1,648,ATL,Atlanta,EWR,Newark
1191919,1,648,ATL,Atlanta,EWR,Newark
1201510,1,648,ATL,Atlanta,EWR,Newark
1201237,1,648,ATL,Atlanta,EWR,Newark
1241350,1,648,ATL,Atlanta,EWR,Newark
1251000,1,648,ATL,Atlanta,EWR,Newark
1261919,1,648,ATL,Atlanta,EWR,Newark
1031800,1,648,ATL,Atlanta,EWR,Newark
1141741,1,648,ATL,Atlanta,EWR,Newark
1221741,1,648,ATL,Atlanta,EWR,Newark
2070730,1,648,ATL,Atlanta,EWR,Newark
2100730,1,648,ATL,Atlanta,EWR,Newark
2142140,1,648,ATL,Atlanta,EWR,Newark
2161500,1,648,ATL,Atlanta,EWR,Newark
2191005,1,648,ATL,Atlanta,EWR,Newark
2202140,1,648,ATL,Atlanta,EWR,Newark
2210730,1,648,ATL,Atlanta,EWR,Newark
2221500,1,648,ATL,Atlanta,EWR,Newark
2231235,1,648,ATL,Atlanta,EWR,Newark
2241915,1,648,ATL,Atlanta,EWR,Newark
2251345,1,648,ATL,Atlanta,EWR,Newark
2280730,1,648,ATL,Atlanta,EWR,Newark
2102014,1,648,ATL,Atlanta,EWR,Newark
2241309,1,648,ATL,Atlanta,EWR,Newark
3040742,1,648,ATL,Atlanta,EWR,Newark
3040848,1,648,ATL,Atlanta,EWR,Newark
3041000,1,648,ATL,Atlanta,EWR,Newark
3061915,1,648,ATL,Atlanta,EWR,Newark
3091759,1,648,ATL,Atlanta,EWR,Newark
3101000,1,648,ATL,Atlanta,EWR,Newark
3141000,1,648,ATL,Atlanta,EWR,Newark
3180848,1,648,ATL,Atlanta,EWR,Newark
3191115,1,648,ATL,Atlanta,EWR,Newark
3231236,1,648,ATL,Atlanta,EWR,Newark
3252140,1,648,ATL,Atlanta,EWR,Newark
3281115,1,648,ATL,Atlanta,EWR,Newark
3292140,1,648,ATL,Atlanta,EWR,Newark
3311625,1,648,ATL,Atlanta,EWR,Newark
3100600,1,648,ATL,Atlanta,EWR,Newark
3291548,1,648,ATL,Atlanta,EWR,Newark
3311001,1,648,ATL,Atlanta,EWR,Newark
3211744,1,648,ATL,Atlanta,EWR,Newark
1061000,2,648,ATL,Atlanta,EWR,Newark
1091919,2,648,ATL,Atlanta,EWR,Newark
1090730,2,648,ATL,Atlanta,EWR,Newark
1120848,2,648,ATL,Atlanta,EWR,Newark
1121120,2,648,ATL,Atlanta,EWR,Newark
1121350,2,648,ATL,Atlanta,EWR,Newark
1140848,2,648,ATL,Atlanta,EWR,Newark
1151120,2,648,ATL,Atlanta,EWR,Newark
1171510,2,648,ATL,Atlanta,EWR,Newark
1191237,2,648,ATL,Atlanta,EWR,Newark
1201645,2,648,ATL,Atlanta,EWR,Newark
1221120,2,648,ATL,Atlanta,EWR,Newark
1241919,2,648,ATL,Atlanta,EWR,Newark
1280848,2,648,ATL,Atlanta,EWR,Newark
1302140,2,648,ATL,Atlanta,EWR,Newark
2011000,2,648,ATL,Atlanta,EWR,Newark
2021350,2,648,ATL,Atlanta,EWR,Newark
2182140,2,648,ATL,Atlanta,EWR,Newark
2201345,2,648,ATL,Atlanta,EWR,Newark
2241500,2,648,ATL,Atlanta,EWR,Newark
2260848,2,648,ATL,Atlanta,EWR,Newark
2281915,2,648,ATL,Atlanta,EWR,Newark
2281345,2,648,ATL,Atlanta,EWR,Newark
2110952,2,648,ATL,Atlanta,EWR,Newark
3031759,2,648,ATL,Atlanta,EWR,Newark
3051759,2,648,ATL,Atlanta,EWR,Newark
3080848,2,648,ATL,Atlanta,EWR,Newark
3091500,2,648,ATL,Atlanta,EWR,Newark
3102140,2,648,ATL,Atlanta,EWR,Newark
3141759,2,648,ATL,Atlanta,EWR,Newark
3181345,2,648,ATL,Atlanta,EWR,Newark
3182140,2,648,ATL,Atlanta,EWR,Newark
3311236,2,648,ATL,Atlanta,EWR,Newark
3231945,2,648,ATL,Atlanta,EWR,Newark
3071744,2,648,ATL,Atlanta,EWR,Newark
1100848,3,648,ATL,Atlanta,EWR,Newark
1131000,3,648,ATL,Atlanta,EWR,Newark
1141120,3,648,ATL,Atlanta,EWR,Newark
1141000,3,648,ATL,Atlanta,EWR,Newark
1041254,3,648,ATL,Atlanta,EWR,Newark
1090952,3,648,ATL,Atlanta,EWR,Newark
1160643,3,648,ATL,Atlanta,EWR,Newark
1270643,3,648,ATL,Atlanta,EWR,Newark
1300952,3,648,ATL,Atlanta,EWR,Newark
2051000,3,648,ATL,Atlanta,EWR,Newark
2091120,3,648,ATL,Atlanta,EWR,Newark
2141640,3,648,ATL,Atlanta,EWR,Newark
2220848,3,648,ATL,Atlanta,EWR,Newark
2271915,3,648,ATL,Atlanta,EWR,Newark
2271235,3,648,ATL,Atlanta,EWR,Newark
2161747,3,648,ATL,Atlanta,EWR,Newark
3012140,3,648,ATL,Atlanta,EWR,Newark
3031236,3,648,ATL,Atlanta,EWR,Newark
3070742,3,648,ATL,Atlanta,EWR,Newark
3111759,3,648,ATL,Atlanta,EWR,Newark
3171115,3,648,ATL,Atlanta,EWR,Newark
3251915,3,648,ATL,Atlanta,EWR,Newark
3262140,3,648,ATL,Atlanta,EWR,Newark
3071945,3,648,ATL,Atlanta,EWR,Newark
3121548,3,648,ATL,Atlanta,EWR,Newark
3220600,3,648,ATL,Atlanta,EWR,Newark
3281001,3,648,ATL,Atlanta,EWR,Newark
1081000,4,648,ATL,Atlanta,EWR,Newark
1091000,4,648,ATL,Atlanta,EWR,Newark
1161919,4,648,ATL,Atlanta,EWR,Newark
1201350,4,648,ATL,Atlanta,EWR,Newark
1221510,4,648,ATL,Atlanta,EWR,Newark
1230730,4,648,ATL,Atlanta,EWR,Newark
1011800,4,648,ATL,Atlanta,EWR,Newark
1122014,4,648,ATL,Atlanta,EWR,Newark
1161554,4,648,ATL,Atlanta,EWR,Newark
1170952,4,648,ATL,Atlanta,EWR,Newark
1202000,4,648,ATL,Atlanta,EWR,Newark
1221259,4,648,ATL,Atlanta,EWR,Newark
1230643,4,648,ATL,Atlanta,EWR,Newark
2041350,4,648,ATL,Atlanta,EWR,Newark
2111350,4,648,ATL,Atlanta,EWR,Newark
2251915,4,648,ATL,Atlanta,EWR,Newark
2261640,4,648,ATL,Atlanta,EWR,Newark
2021259,4,648,ATL,Atlanta,EWR,Newark
2060952,4,648,ATL,Atlanta,EWR,Newark
2100952,4,648,ATL,Atlanta,EWR,Newark
2100643,4,648,ATL,Atlanta,EWR,Newark
3030742,4,648,ATL,Atlanta,EWR,Newark
3031345,4,648,ATL,Atlanta,EWR,Newark
3041115,4,648,ATL,Atlanta,EWR,Newark
3071236,4,648,ATL,Atlanta,EWR,Newark
3171625,4,648,ATL,Atlanta,EWR,Newark
3191759,4,648,ATL,Atlanta,EWR,Newark
3191630,4,648,ATL,Atlanta,EWR,Newark
3231915,4,648,ATL,Atlanta,EWR,Newark
3241915,4,648,ATL,Atlanta,EWR,Newark
3061309,4,648,ATL,Atlanta,EWR,Newark
3051747,4,648,ATL,Atlanta,EWR,Newark
3241744,4,648,ATL,Atlanta,EWR,Newark
1061120,5,648,ATL,Atlanta,EWR,Newark
1181919,5,648,ATL,Atlanta,EWR,Newark
1181000,5,648,ATL,Atlanta,EWR,Newark
1250848,5,648,ATL,Atlanta,EWR,Newark
1270952,5,648,ATL,Atlanta,EWR,Newark
2032140,5,648,ATL,Atlanta,EWR,Newark
2051120,5,648,ATL,Atlanta,EWR,Newark
2110643,5,648,ATL,Atlanta,EWR,Newark
2231608,5,648,ATL,Atlanta,EWR,Newark
3021345,5,648,ATL,Atlanta,EWR,Newark
3111500,5,648,ATL,Atlanta,EWR,Newark
3161345,5,648,ATL,Atlanta,EWR,Newark
3171759,5,648,ATL,Atlanta,EWR,Newark
3190848,5,648,ATL,Atlanta,EWR,Newark
3310600,5,648,ATL,Atlanta,EWR,Newark
1021230,6,648,ATL,Atlanta,EWR,Newark
1021630,6,648,ATL,Atlanta,EWR,Newark
1080848,6,648,ATL,Atlanta,EWR,Newark
1270730,6,648,ATL,Atlanta,EWR,Newark
2011919,6,648,ATL,Atlanta,EWR,Newark
2231345,6,648,ATL,Atlanta,EWR,Newark
3031915,6,648,ATL,Atlanta,EWR,Newark
3160848,6,648,ATL,Atlanta,EWR,Newark
3181625,6,648,ATL,Atlanta,EWR,Newark
3201759,6,648,ATL,Atlanta,EWR,Newark
3311915,6,648,ATL,Atlanta,EWR,Newark
3310742,6,648,ATL,Atlanta,EWR,Newark
3031747,6,648,ATL,Atlanta,EWR,Newark
3251744,6,648,ATL,Atlanta,EWR,Newark
1131120,7,648,ATL,Atlanta,EWR,Newark
1041500,7,648,ATL,Atlanta,EWR,Newark
1151741,7,648,ATL,Atlanta,EWR,Newark
2041237,7,648,ATL,Atlanta,EWR,Newark
2281500,7,648,ATL,Atlanta,EWR,Newark
3010848,7,648,ATL,Atlanta,EWR,Newark
3101625,7,648,ATL,Atlanta,EWR,Newark
3132140,7,648,ATL,Atlanta,EWR,Newark
3161759,7,648,ATL,Atlanta,EWR,Newark
3181548,7,648,ATL,Atlanta,EWR,Newark
3231309,7,648,ATL,Atlanta,EWR,Newark
3041743,7,648,ATL,Atlanta,EWR,Newark
1111919,8,648,ATL,Atlanta,EWR,Newark
1312140,8,648,ATL,Atlanta,EWR,Newark
1020530,8,648,ATL,Atlanta,EWR,Newark
1151259,8,648,ATL,Atlanta,EWR,Newark
1221554,8,648,ATL,Atlanta,EWR,Newark
1301554,8,648,ATL,Atlanta,EWR,Newark
1311554,8,648,ATL,Atlanta,EWR,Newark
2021237,8,648,ATL,Atlanta,EWR,Newark
2040848,8,648,ATL,Atlanta,EWR,Newark
2141115,8,648,ATL,Atlanta,EWR,Newark
2160848,8,648,ATL,Atlanta,EWR,Newark
2181115,8,648,ATL,Atlanta,EWR,Newark
2261500,8,648,ATL,Atlanta,EWR,Newark
2282140,8,648,ATL,Atlanta,EWR,Newark
2261747,8,648,ATL,Atlanta,EWR,Newark
3312140,8,648,ATL,Atlanta,EWR,Newark
1021120,9,648,ATL,Atlanta,EWR,Newark
1081350,9,648,ATL,Atlanta,EWR,Newark
1171120,9,648,ATL,Atlanta,EWR,Newark
1281000,9,648,ATL,Atlanta,EWR,Newark
1092014,9,648,ATL,Atlanta,EWR,Newark
1100952,9,648,ATL,Atlanta,EWR,Newark
1181319,9,648,ATL,Atlanta,EWR,Newark
2110848,9,648,ATL,Atlanta,EWR,Newark
2161235,9,648,ATL,Atlanta,EWR,Newark
2181640,9,648,ATL,Atlanta,EWR,Newark
2271608,9,648,ATL,Atlanta,EWR,Newark
3111625,9,648,ATL,Atlanta,EWR,Newark
3121625,9,648,ATL,Atlanta,EWR,Newark
3170848,9,648,ATL,Atlanta,EWR,Newark
1012140,10,648,ATL,Atlanta,EWR,Newark
1031918,10,648,ATL,Atlanta,EWR,Newark
1060730,10,648,ATL,Atlanta,EWR,Newark
2041120,10,648,ATL,Atlanta,EWR,Newark
2041000,10,648,ATL,Atlanta,EWR,Newark
2111000,10,648,ATL,Atlanta,EWR,Newark
2192140,10,648,ATL,Atlanta,EWR,Newark
2280848,10,648,ATL,Atlanta,EWR,Newark
3051236,10,648,ATL,Atlanta,EWR,Newark
3071500,10,648,ATL,Atlanta,EWR,Newark
3161236,10,648,ATL,Atlanta,EWR,Newark
3281236,10,648,ATL,Atlanta,EWR,Newark
3191548,10,648,ATL,Atlanta,EWR,Newark
3191945,10,648,ATL,Atlanta,EWR,Newark
1060848,11,648,ATL,Atlanta,EWR,Newark
1091645,11,648,ATL,Atlanta,EWR,Newark
1202140,11,648,ATL,Atlanta,EWR,Newark
1231120,11,648,ATL,Atlanta,EWR,Newark
1040530,11,648,ATL,Atlanta,EWR,Newark
1222009,11,648,ATL,Atlanta,EWR,Newark
2261915,11,648,ATL,Atlanta,EWR,Newark
2251743,11,648,ATL,Atlanta,EWR,Newark
3101759,11,648,ATL,Atlanta,EWR,Newark
3120848,11,648,ATL,Atlanta,EWR,Newark
3161500,11,648,ATL,Atlanta,EWR,Newark
3231500,11,648,ATL,Atlanta,EWR,Newark
3180600,11,648,ATL,Atlanta,EWR,Newark
1041345,12,648,ATL,Atlanta,EWR,Newark
1081259,12,648,ATL,Atlanta,EWR,Newark
1111319,12,648,ATL,Atlanta,EWR,Newark
1241554,12,648,ATL,Atlanta,EWR,Newark
2061645,12,648,ATL,Atlanta,EWR,Newark
2071237,12,648,ATL,Atlanta,EWR,Newark
2071350,12,648,ATL,Atlanta,EWR,Newark
2131919,12,648,ATL,Atlanta,EWR,Newark
2151005,12,648,ATL,Atlanta,EWR,Newark
2230848,12,648,ATL,Atlanta,EWR,Newark
2261608,12,648,ATL,Atlanta,EWR,Newark
2171747,12,648,ATL,Atlanta,EWR,Newark
3031000,12,648,ATL,Atlanta,EWR,Newark
3130742,12,648,ATL,Atlanta,EWR,Newark
3141309,12,648,ATL,Atlanta,EWR,Newark
1081919,13,648,ATL,Atlanta,EWR,Newark
1081120,13,648,ATL,Atlanta,EWR,Newark
2092014,13,648,ATL,Atlanta,EWR,Newark
3021000,13,648,ATL,Atlanta,EWR,Newark
3022140,13,648,ATL,Atlanta,EWR,Newark
3030848,13,648,ATL,Atlanta,EWR,Newark
3061500,13,648,ATL,Atlanta,EWR,Newark
3161915,13,648,ATL,Atlanta,EWR,Newark
3162140,13,648,ATL,Atlanta,EWR,Newark
3171345,13,648,ATL,Atlanta,EWR,Newark
3301309,13,648,ATL,Atlanta,EWR,Newark
3121744,13,648,ATL,Atlanta,EWR,Newark
1050856,14,648,ATL,Atlanta,EWR,Newark
1231919,14,648,ATL,Atlanta,EWR,Newark
1242014,14,648,ATL,Atlanta,EWR,Newark
2101237,14,648,ATL,Atlanta,EWR,Newark
2201500,14,648,ATL,Atlanta,EWR,Newark
3092140,14,648,ATL,Atlanta,EWR,Newark
3172140,14,648,ATL,Atlanta,EWR,Newark
3181500,14,648,ATL,Atlanta,EWR,Newark
3231345,14,648,ATL,Atlanta,EWR,Newark
3301115,14,648,ATL,Atlanta,EWR,Newark
3171945,14,648,ATL,Atlanta,EWR,Newark
1071554,15,648,ATL,Atlanta,EWR,Newark
1072014,15,648,ATL,Atlanta,EWR,Newark
2181608,15,648,ATL,Atlanta,EWR,Newark
2260948,15,648,ATL,Atlanta,EWR,Newark
2241747,15,648,ATL,Atlanta,EWR,Newark
3270848,15,648,ATL,Atlanta,EWR,Newark
3210600,15,648,ATL,Atlanta,EWR,Newark
3241945,15,648,ATL,Atlanta,EWR,Newark
3201744,15,648,ATL,Atlanta,EWR,Newark
1221645,16,648,ATL,Atlanta,EWR,Newark
1171554,16,648,ATL,Atlanta,EWR,Newark
1231309,16,648,ATL,Atlanta,EWR,Newark
2010848,16,648,ATL,Atlanta,EWR,Newark
2051350,16,648,ATL,Atlanta,EWR,Newark
2081000,16,648,ATL,Atlanta,EWR,Newark
2132140,16,648,ATL,Atlanta,EWR,Newark
2241608,16,648,ATL,Atlanta,EWR,Newark
3021915,16,648,ATL,Atlanta,EWR,Newark
1021010,17,648,ATL,Atlanta,EWR,Newark
1081500,17,648,ATL,Atlanta,EWR,Newark
3070848,17,648,ATL,Atlanta,EWR,Newark
3191500,17,648,ATL,Atlanta,EWR,Newark
3061744,17,648,ATL,Atlanta,EWR,Newark
3261744,17,648,ATL,Atlanta,EWR,Newark
2052140,18,648,ATL,Atlanta,EWR,Newark
2061919,18,648,ATL,Atlanta,EWR,Newark
2242140,18,648,ATL,Atlanta,EWR,Newark
2141939,18,648,ATL,Atlanta,EWR,Newark
3031625,18,648,ATL,Atlanta,EWR,Newark
3171915,18,648,ATL,Atlanta,EWR,Newark
3071548,18,648,ATL,Atlanta,EWR,Newark
1161741,19,648,ATL,Atlanta,EWR,Newark
2060730,19,648,ATL,Atlanta,EWR,Newark
2200848,19,648,ATL,Atlanta,EWR,Newark
3141115,19,648,ATL,Atlanta,EWR,Newark
3031939,19,648,ATL,Atlanta,EWR,Newark
3181744,19,648,ATL,Atlanta,EWR,Newark
1082140,20,648,ATL,Atlanta,EWR,Newark
1132140,20,648,ATL,Atlanta,EWR,Newark
1251237,20,648,ATL,Atlanta,EWR,Newark
1171309,20,648,ATL,Atlanta,EWR,Newark
2031645,20,648,ATL,Atlanta,EWR,Newark
2210848,20,648,ATL,Atlanta,EWR,Newark
2071554,20,648,ATL,Atlanta,EWR,Newark
2101744,20,648,ATL,Atlanta,EWR,Newark
3261759,20,648,ATL,Atlanta,EWR,Newark
3161548,20,648,ATL,Atlanta,EWR,Newark
3171001,20,648,ATL,Atlanta,EWR,Newark
1101350,21,648,ATL,Atlanta,EWR,Newark
1300730,21,648,ATL,Atlanta,EWR,Newark
2021645,21,648,ATL,Atlanta,EWR,Newark
2062140,21,648,ATL,Atlanta,EWR,Newark
3062140,21,648,ATL,Atlanta,EWR,Newark
3141945,21,648,ATL,Atlanta,EWR,Newark
1141645,22,648,ATL,Atlanta,EWR,Newark
1150848,22,648,ATL,Atlanta,EWR,Newark
1261350,22,648,ATL,Atlanta,EWR,Newark
1121731,22,648,ATL,Atlanta,EWR,Newark
2141345,22,648,ATL,Atlanta,EWR,Newark
2151500,22,648,ATL,Atlanta,EWR,Newark
2221915,22,648,ATL,Atlanta,EWR,Newark
2240848,22,648,ATL,Atlanta,EWR,Newark
2062014,22,648,ATL,Atlanta,EWR,Newark
2111554,22,648,ATL,Atlanta,EWR,Newark
3171236,22,648,ATL,Atlanta,EWR,Newark
3201625,22,648,ATL,Atlanta,EWR,Newark
3211500,22,648,ATL,Atlanta,EWR,Newark
1031630,23,648,ATL,Atlanta,EWR,Newark
1131744,23,648,ATL,Atlanta,EWR,Newark
3231759,23,648,ATL,Atlanta,EWR,Newark
3061548,23,648,ATL,Atlanta,EWR,Newark
3191744,23,648,ATL,Atlanta,EWR,Newark
2081237,24,648,ATL,Atlanta,EWR,Newark
2191309,24,648,ATL,Atlanta,EWR,Newark
1070848,25,648,ATL,Atlanta,EWR,Newark
1200848,25,648,ATL,Atlanta,EWR,Newark
1031251,25,648,ATL,Atlanta,EWR,Newark
1261731,25,648,ATL,Atlanta,EWR,Newark
2070848,25,648,ATL,Atlanta,EWR,Newark
2091919,25,648,ATL,Atlanta,EWR,Newark
2191235,25,648,ATL,Atlanta,EWR,Newark
2241005,25,648,ATL,Atlanta,EWR,Newark
3051915,25,648,ATL,Atlanta,EWR,Newark
3071115,25,648,ATL,Atlanta,EWR,Newark
1032140,26,648,ATL,Atlanta,EWR,Newark
1082009,26,648,ATL,Atlanta,EWR,Newark
2021919,26,648,ATL,Atlanta,EWR,Newark
2101309,26,648,ATL,Atlanta,EWR,Newark
2271747,26,648,ATL,Atlanta,EWR,Newark
1101919,27,648,ATL,Atlanta,EWR,Newark
1310643,27,648,ATL,Atlanta,EWR,Newark
2041510,27,648,ATL,Atlanta,EWR,Newark
2101350,27,648,ATL,Atlanta,EWR,Newark
3031001,27,648,ATL,Atlanta,EWR,Newark
3131744,27,648,ATL,Atlanta,EWR,Newark
1081554,28,648,ATL,Atlanta,EWR,Newark
2191608,28,648,ATL,Atlanta,EWR,Newark
3131500,28,648,ATL,Atlanta,EWR,Newark
3201500,28,648,ATL,Atlanta,EWR,Newark
3310848,28,648,ATL,Atlanta,EWR,Newark
3141001,28,648,ATL,Atlanta,EWR,Newark
3241309,28,648,ATL,Atlanta,EWR,Newark
1131919,29,648,ATL,Atlanta,EWR,Newark
1232140,29,648,ATL,Atlanta,EWR,Newark
2201235,29,648,ATL,Atlanta,EWR,Newark
2201309,29,648,ATL,Atlanta,EWR,Newark
3171500,29,648,ATL,Atlanta,EWR,Newark
1101510,30,648,ATL,Atlanta,EWR,Newark
1222140,30,648,ATL,Atlanta,EWR,Newark
1131554,30,648,ATL,Atlanta,EWR,Newark
2181345,30,648,ATL,Atlanta,EWR,Newark
2271500,30,648,ATL,Atlanta,EWR,Newark
3281744,30,648,ATL,Atlanta,EWR,Newark
1071000,31,648,ATL,Atlanta,EWR,Newark
1241645,31,648,ATL,Atlanta,EWR,Newark
2070952,31,648,ATL,Atlanta,EWR,Newark
3031115,31,648,ATL,Atlanta,EWR,Newark
3071345,31,648,ATL,Atlanta,EWR,Newark
3111945,31,648,ATL,Atlanta,EWR,Newark
3311946,31,648,ATL,Atlanta,EWR,Newark
1251510,32,648,ATL,Atlanta,EWR,Newark
1091554,32,648,ATL,Atlanta,EWR,Newark
2071645,32,648,ATL,Atlanta,EWR,Newark
2191915,32,648,ATL,Atlanta,EWR,Newark
2201915,32,648,ATL,Atlanta,EWR,Newark
2211115,32,648,ATL,Atlanta,EWR,Newark
3171000,32,648,ATL,Atlanta,EWR,Newark
3302140,32,648,ATL,Atlanta,EWR,Newark
2141608,33,648,ATL,Atlanta,EWR,Newark
3261345,33,648,ATL,Atlanta,EWR,Newark
3231747,33,648,ATL,Atlanta,EWR,Newark
3281309,33,648,ATL,Atlanta,EWR,Newark
1272140,34,648,ATL,Atlanta,EWR,Newark
1311741,34,648,ATL,Atlanta,EWR,Newark
3061345,34,648,ATL,Atlanta,EWR,Newark
3301345,34,648,ATL,Atlanta,EWR,Newark
3311500,34,648,ATL,Atlanta,EWR,Newark
1131350,35,648,ATL,Atlanta,EWR,Newark
2102140,35,648,ATL,Atlanta,EWR,Newark
2191345,35,648,ATL,Atlanta,EWR,Newark
2161254,35,648,ATL,Atlanta,EWR,Newark
3011500,35,648,ATL,Atlanta,EWR,Newark
3081625,35,648,ATL,Atlanta,EWR,Newark
3141548,35,648,ATL,Atlanta,EWR,Newark
1062140,36,648,ATL,Atlanta,EWR,Newark
1311919,36,648,ATL,Atlanta,EWR,Newark
2141235,36,648,ATL,Atlanta,EWR,Newark
2210600,36,648,ATL,Atlanta,EWR,Newark
3161747,36,648,ATL,Atlanta,EWR,Newark
1221237,37,648,ATL,Atlanta,EWR,Newark
1271309,37,648,ATL,Atlanta,EWR,Newark
2141915,37,648,ATL,Atlanta,EWR,Newark
1311350,38,648,ATL,Atlanta,EWR,Newark
2171608,38,648,ATL,Atlanta,EWR,Newark
3051500,38,648,ATL,Atlanta,EWR,Newark
3231629,38,648,ATL,Atlanta,EWR,Newark
1071500,39,648,ATL,Atlanta,EWR,Newark
1231510,39,648,ATL,Atlanta,EWR,Newark
2151235,39,648,ATL,Atlanta,EWR,Newark
1061645,40,648,ATL,Atlanta,EWR,Newark
1150945,40,648,ATL,Atlanta,EWR,Newark
2271939,40,648,ATL,Atlanta,EWR,Newark
3081759,40,648,ATL,Atlanta,EWR,Newark
3201945,40,648,ATL,Atlanta,EWR,Newark
1111510,41,648,ATL,Atlanta,EWR,Newark
1211237,41,648,ATL,Atlanta,EWR,Newark
2071741,41,648,ATL,Atlanta,EWR,Newark
1051918,42,648,ATL,Atlanta,EWR,Newark
1271744,42,648,ATL,Atlanta,EWR,Newark
1271350,43,648,ATL,Atlanta,EWR,Newark
2241939,43,648,ATL,Atlanta,EWR,Newark
1231237,44,648,ATL,Atlanta,EWR,Newark
1011345,45,648,ATL,Atlanta,EWR,Newark
1211350,45,648,ATL,Atlanta,EWR,Newark
1012008,45,648,ATL,Atlanta,EWR,Newark
2061741,45,648,ATL,Atlanta,EWR,Newark
3301548,45,648,ATL,Atlanta,EWR,Newark
1060904,46,648,ATL,Atlanta,EWR,Newark
2021556,46,648,ATL,Atlanta,EWR,Newark
3031500,46,648,ATL,Atlanta,EWR,Newark
1021918,47,648,ATL,Atlanta,EWR,Newark
1071350,47,648,ATL,Atlanta,EWR,Newark
1301120,47,648,ATL,Atlanta,EWR,Newark
1231741,47,648,ATL,Atlanta,EWR,Newark
2191500,47,648,ATL,Atlanta,EWR,Newark
1110848,48,648,ATL,Atlanta,EWR,Newark
1161120,48,648,ATL,Atlanta,EWR,Newark
1140952,48,648,ATL,Atlanta,EWR,Newark
1241309,48,648,ATL,Atlanta,EWR,Newark
2031120,48,648,ATL,Atlanta,EWR,Newark
1231554,49,648,ATL,Atlanta,EWR,Newark
2191640,49,648,ATL,Atlanta,EWR,Newark
3290600,49,648,ATL,Atlanta,EWR,Newark
2101554,50,648,ATL,Atlanta,EWR,Newark
3261000,50,648,ATL,Atlanta,EWR,Newark
1101120,51,648,ATL,Atlanta,EWR,Newark
2170730,51,648,ATL,Atlanta,EWR,Newark
3121759,51,648,ATL,Atlanta,EWR,Newark
1271237,52,648,ATL,Atlanta,EWR,Newark
1251319,52,648,ATL,Atlanta,EWR,Newark
1282014,52,648,ATL,Atlanta,EWR,Newark
3201345,52,648,ATL,Atlanta,EWR,Newark
1171000,53,648,ATL,Atlanta,EWR,Newark
1070643,53,648,ATL,Atlanta,EWR,Newark
3061759,53,648,ATL,Atlanta,EWR,Newark
3251309,53,648,ATL,Atlanta,EWR,Newark
1311000,55,648,ATL,Atlanta,EWR,Newark
2011319,55,648,ATL,Atlanta,EWR,Newark
2191747,55,648,ATL,Atlanta,EWR,Newark
3061945,55,648,ATL,Atlanta,EWR,Newark
1061237,56,648,ATL,Atlanta,EWR,Newark
1051533,56,648,ATL,Atlanta,EWR,Newark
2272140,56,648,ATL,Atlanta,EWR,Newark
2061554,56,648,ATL,Atlanta,EWR,Newark
3211915,56,648,ATL,Atlanta,EWR,Newark
1172014,57,648,ATL,Atlanta,EWR,Newark
3281345,57,648,ATL,Atlanta,EWR,Newark
3301500,57,648,ATL,Atlanta,EWR,Newark
3171744,57,648,ATL,Atlanta,EWR,Newark
2211640,58,648,ATL,Atlanta,EWR,Newark
3281915,58,648,ATL,Atlanta,EWR,Newark
1221350,59,648,ATL,Atlanta,EWR,Newark
1031500,60,648,ATL,Atlanta,EWR,Newark
1071919,60,648,ATL,Atlanta,EWR,Newark
2061120,60,648,ATL,Atlanta,EWR,Newark
3161945,60,648,ATL,Atlanta,EWR,Newark
1071237,62,648,ATL,Atlanta,EWR,Newark
1101309,62,648,ATL,Atlanta,EWR,Newark
1091309,63,648,ATL,Atlanta,EWR,Newark
1201919,64,648,ATL,Atlanta,EWR,Newark
3051309,64,648,ATL,Atlanta,EWR,Newark
3061001,65,648,ATL,Atlanta,EWR,Newark
3091945,65,648,ATL,Atlanta,EWR,Newark
1080945,66,648,ATL,Atlanta,EWR,Newark
2031000,67,648,ATL,Atlanta,EWR,Newark
3070600,67,648,ATL,Atlanta,EWR,Newark
3201548,68,648,ATL,Atlanta,EWR,Newark
2101645,69,648,ATL,Atlanta,EWR,Newark
2171309,69,648,ATL,Atlanta,EWR,Newark
1301741,70,648,ATL,Atlanta,EWR,Newark
3260848,70,648,ATL,Atlanta,EWR,Newark
1161000,71,648,ATL,Atlanta,EWR,Newark
1171741,71,648,ATL,Atlanta,EWR,Newark
3281759,71,648,ATL,Atlanta,EWR,Newark
2251608,72,648,ATL,Atlanta,EWR,Newark
3041001,72,648,ATL,Atlanta,EWR,Newark
1272014,73,648,ATL,Atlanta,EWR,Newark
2171915,73,648,ATL,Atlanta,EWR,Newark
2020932,73,648,ATL,Atlanta,EWR,Newark
1111645,74,648,ATL,Atlanta,EWR,Newark
1042140,75,648,ATL,Atlanta,EWR,Newark
1091741,75,648,ATL,Atlanta,EWR,Newark
1301237,76,648,ATL,Atlanta,EWR,Newark
3251548,76,648,ATL,Atlanta,EWR,Newark
1161645,77,648,ATL,Atlanta,EWR,Newark
2051645,78,648,ATL,Atlanta,EWR,Newark
1122140,79,648,ATL,Atlanta,EWR,Newark
3161629,79,648,ATL,Atlanta,EWR,Newark
1311645,81,648,ATL,Atlanta,EWR,Newark
1111000,83,648,ATL,Atlanta,EWR,Newark
1280952,83,648,ATL,Atlanta,EWR,Newark
1062009,87,648,ATL,Atlanta,EWR,Newark
2211915,87,648,ATL,Atlanta,EWR,Newark
1151350,89,648,ATL,Atlanta,EWR,Newark
1101554,89,648,ATL,Atlanta,EWR,Newark
2261309,89,648,ATL,Atlanta,EWR,Newark
3191000,89,648,ATL,Atlanta,EWR,Newark
2081645,92,648,ATL,Atlanta,EWR,Newark
1211000,93,648,ATL,Atlanta,EWR,Newark
1311309,93,648,ATL,Atlanta,EWR,Newark
2111237,94,648,ATL,Atlanta,EWR,Newark
1102140,95,648,ATL,Atlanta,EWR,Newark
3171309,96,648,ATL,Atlanta,EWR,Newark
1101237,98,648,ATL,Atlanta,EWR,Newark
1072140,99,648,ATL,Atlanta,EWR,Newark
3131309,99,648,ATL,Atlanta,EWR,Newark
1101741,100,648,ATL,Atlanta,EWR,Newark
1151554,100,648,ATL,Atlanta,EWR,Newark
3281548,100,648,ATL,Atlanta,EWR,Newark
2040952,102,648,ATL,Atlanta,EWR,Newark
3101309,102,648,ATL,Atlanta,EWR,Newark
3171548,103,648,ATL,Atlanta,EWR,Newark
1281554,104,648,ATL,Atlanta,EWR,Newark
1310730,106,648,ATL,Atlanta,EWR,Newark
2101919,109,648,ATL,Atlanta,EWR,Newark
1311237,111,648,ATL,Atlanta,EWR,Newark
3281945,112,648,ATL,Atlanta,EWR,Newark
1051500,114,648,ATL,Atlanta,EWR,Newark
1151919,114,648,ATL,Atlanta,EWR,Newark
2051919,114,648,ATL,Atlanta,EWR,Newark
1021345,115,648,ATL,Atlanta,EWR,Newark
1071120,116,648,ATL,Atlanta,EWR,Newark
1301510,117,648,ATL,Atlanta,EWR,Newark
3301759,120,648,ATL,Atlanta,EWR,Newark
3030600,120,648,ATL,Atlanta,EWR,Newark
1061350,121,648,ATL,Atlanta,EWR,Newark
1071645,123,648,ATL,Atlanta,EWR,Newark
1131309,123,648,ATL,Atlanta,EWR,Newark
3281625,124,648,ATL,Atlanta,EWR,Newark
1151237,126,648,ATL,Atlanta,EWR,Newark
1241741,130,648,ATL,Atlanta,EWR,Newark
3301915,133,648,ATL,Atlanta,EWR,Newark
1262014,135,648,ATL,Atlanta,EWR,Newark
3081740,135,648,ATL,Atlanta,EWR,Newark
1271554,138,648,ATL,Atlanta,EWR,Newark
1051630,139,648,ATL,Atlanta,EWR,Newark
2211747,140,648,ATL,Atlanta,EWR,Newark
2200600,146,648,ATL,Atlanta,EWR,Newark
2211500,147,648,ATL,Atlanta,EWR,Newark
1031524,149,648,ATL,Atlanta,EWR,Newark
3121236,150,648,ATL,Atlanta,EWR,Newark
1152009,152,648,ATL,Atlanta,EWR,Newark
3281500,153,648,ATL,Atlanta,EWR,Newark
3301629,153,648,ATL,Atlanta,EWR,Newark
2091645,154,648,ATL,Atlanta,EWR,Newark
1011235,156,648,ATL,Atlanta,EWR,Newark
2271345,156,648,ATL,Atlanta,EWR,Newark
1031230,159,648,ATL,Atlanta,EWR,Newark
1051345,169,648,ATL,Atlanta,EWR,Newark
3031608,173,648,ATL,Atlanta,EWR,Newark
3301747,186,648,ATL,Atlanta,EWR,Newark
3150600,189,648,ATL,Atlanta,EWR,Newark
3241548,193,648,ATL,Atlanta,EWR,Newark
1210643,204,648,ATL,Atlanta,EWR,Newark
1041524,205,648,ATL,Atlanta,EWR,Newark
2190600,209,648,ATL,Atlanta,EWR,Newark
2161939,219,648,ATL,Atlanta,EWR,Newark
1061524,221,648,ATL,Atlanta,EWR,Newark
1281259,221,648,ATL,Atlanta,EWR,Newark
1291000,222,648,ATL,Atlanta,EWR,Newark
1150643,229,648,ATL,Atlanta,EWR,Newark
2211345,229,648,ATL,Atlanta,EWR,Newark
2211309,229,648,ATL,Atlanta,EWR,Newark
1061800,250,648,ATL,Atlanta,EWR,Newark
1061510,262,648,ATL,Atlanta,EWR,Newark
2211608,274,648,ATL,Atlanta,EWR,Newark
3041309,318,648,ATL,Atlanta,EWR,Newark
3271744,352,648,ATL,Atlanta,EWR,Newark
1050700,391,648,ATL,Atlanta,EWR,Newark
